Page or Account URL,List
https://www.facebook.com/ScreenRant,faceBIN
https://www.facebook.com/TheRichest.org,faceBIN
https://www.facebook.com/TheTalko,faceBIN
https://www.facebook.com/thesportster,faceBIN
https://www.facebook.com/thegamercom,faceBIN
https://www.facebook.com/babygaga,faceBIN
https://www.facebook.com/hotcars.official,faceBIN
https://www.facebook.com/thethingscom,faceBIN
https://www.facebook.com/thequizcom,faceBIN
https://www.facebook.com/OfficialMoms,faceBIN
https://www.facebook.com/vacationmodeofficial,faceBIN
https://www.facebook.com/GameRant,faceBIN
https://www.facebook.com/ReviewThisSocial,faceBIN
